{
  "bytes": 632898714,
  "datahub": {
    "created": "2018-08-21T22:01:34.179107",
    "findability": "published",
    "flowid": "machine-learning/kddcup99/2",
    "modified": "2018-08-22T01:00:24.569941",
    "owner": "machine-learning",
    "ownerid": "machine-learning"
  },
  "description": "The resources for this dataset can be found at https://www.openml.org/d/1113\n\nAuthor:   \nSource: Unk",
  "hash": "8bf262834dc1810278beda2caeed6015",
  "id": "machine-learning/kddcup99",
  "licenses": [
    {
      "name": "ODC-PDDL",
      "path": "http://opendatacommons.org/licenses/pddl/",
      "title": "Open Data Commons Public Domain Dedication and License"
    }
  ],
  "name": "kddcup99",
  "resources": [
    {
      "bytes": 74396202,
      "datahub": {
        "type": "original"
      },
      "dialect": {
        "delimiter": ",",
        "quoteChar": "\""
      },
      "dpp:streamedFrom": "https://s3.amazonaws.com/rawstore.datahub.io/5e61fb9132c9057c96cfb2b65aca7a93.csv",
      "encoding": "ISO-8859-1",
      "format": "csv",
      "mediatype": "text/csv",
      "name": "kddcup99_original",
      "path": "archive/kddcup99.csv",
      "pathType": "local",
      "profile": "data-resource",
      "schema": {
        "fields": [
          {
            "format": "default",
            "name": "duration",
            "type": "number"
          },
          {
            "format": "default",
            "name": "protocol_type",
            "type": "string"
          },
          {
            "format": "default",
            "name": "service",
            "type": "string"
          },
          {
            "format": "default",
            "name": "flag",
            "type": "string"
          },
          {
            "format": "default",
            "name": "src_bytes",
            "type": "number"
          },
          {
            "format": "default",
            "name": "dst_bytes",
            "type": "any"
          },
          {
            "format": "default",
            "name": "land",
            "type": "number"
          },
          {
            "format": "default",
            "name": "wrong_fragment",
            "type": "number"
          },
          {
            "format": "default",
            "name": "urgent",
            "type": "number"
          },
          {
            "format": "default",
            "name": "hot",
            "type": "number"
          },
          {
            "format": "default",
            "name": "num_failed_logins",
            "type": "number"
          },
          {
            "format": "default",
            "name": "logged_in",
            "type": "number"
          },
          {
            "format": "default",
            "name": "lnum_compromised",
            "type": "number"
          },
          {
            "format": "default",
            "name": "lroot_shell",
            "type": "number"
          },
          {
            "format": "default",
            "name": "lsu_attempted",
            "type": "number"
          },
          {
            "format": "default",
            "name": "lnum_root",
            "type": "number"
          },
          {
            "format": "default",
            "name": "lnum_file_creations",
            "type": "number"
          },
          {
            "format": "default",
            "name": "lnum_shells",
            "type": "number"
          },
          {
            "format": "default",
            "name": "lnum_access_files",
            "type": "number"
          },
          {
            "format": "default",
            "name": "lnum_outbound_cmds",
            "type": "number"
          },
          {
            "format": "default",
            "name": "is_host_login",
            "type": "number"
          },
          {
            "format": "default",
            "name": "is_guest_login",
            "type": "number"
          },
          {
            "format": "default",
            "name": "count",
            "type": "number"
          },
          {
            "format": "default",
            "name": "srv_count",
            "type": "number"
          },
          {
            "format": "default",
            "name": "serror_rate",
            "type": "number"
          },
          {
            "format": "default",
            "name": "srv_serror_rate",
            "type": "number"
          },
          {
            "format": "default",
            "name": "rerror_rate",
            "type": "number"
          },
          {
            "format": "default",
            "name": "srv_rerror_rate",
            "type": "number"
          },
          {
            "format": "default",
            "name": "same_srv_rate",
            "type": "number"
          },
          {
            "format": "default",
            "name": "diff_srv_rate",
            "type": "number"
          },
          {
            "format": "default",
            "name": "srv_diff_host_rate",
            "type": "number"
          },
          {
            "format": "default",
            "name": "dst_host_count",
            "type": "number"
          },
          {
            "format": "default",
            "name": "dst_host_srv_count",
            "type": "number"
          },
          {
            "format": "default",
            "name": "dst_host_same_srv_rate",
            "type": "number"
          },
          {
            "format": "default",
            "name": "dst_host_diff_srv_rate",
            "type": "number"
          },
          {
            "format": "default",
            "name": "dst_host_same_src_port_rate",
            "type": "number"
          },
          {
            "format": "default",
            "name": "dst_host_srv_diff_host_rate",
            "type": "number"
          },
          {
            "format": "default",
            "name": "dst_host_serror_rate",
            "type": "number"
          },
          {
            "format": "default",
            "name": "dst_host_srv_serror_rate",
            "type": "number"
          },
          {
            "format": "default",
            "name": "dst_host_rerror_rate",
            "type": "number"
          },
          {
            "format": "default",
            "name": "dst_host_srv_rerror_rate",
            "type": "number"
          },
          {
            "format": "default",
            "name": "label",
            "type": "string"
          }
        ],
        "missingValues": [
          ""
        ]
      }
    },
    {
      "bytes": 1298,
      "datahub": {
        "type": "derived/report"
      },
      "description": "Validation report for tabular data",
      "dpp:streamedFrom": "/tmp/tmptw87bj83/machine-learning/kddcup99/validation_report/data/93bcb9370d82c7c14eb8b03ad2904fc8/validation_report.json",
      "format": "json",
      "hash": "93bcb9370d82c7c14eb8b03ad2904fc8",
      "name": "validation_report",
      "path": "data/validation_report.json",
      "profile": "data-resource"
    },
    {
      "bytes": 74890223,
      "datahub": {
        "derivedFrom": [
          "kddcup99"
        ],
        "type": "derived/csv"
      },
      "delimiter": ",",
      "dialect": {
        "delimiter": ",",
        "doubleQuote": true,
        "lineTerminator": "\r\n",
        "quoteChar": "\"",
        "skipInitialSpace": false
      },
      "dpp:streamedFrom": "/tmp/tmptw87bj83/machine-learning/kddcup99/kddcup99_csv/data/5e61fb9132c9057c96cfb2b65aca7a93/kddcup99_csv.csv",
      "encoding": "utf-8",
      "format": "csv",
      "hash": "5e61fb9132c9057c96cfb2b65aca7a93",
      "mediatype": "text/csv",
      "name": "kddcup99_csv",
      "path": "data/kddcup99_csv.csv",
      "pathType": "local",
      "profile": "data-resource",
      "quotechar": "\"",
      "rowcount": 494020,
      "schema": {
        "fields": [
          {
            "decimalChar": ".",
            "format": "default",
            "groupChar": "",
            "name": "duration",
            "type": "number"
          },
          {
            "format": "default",
            "name": "protocol_type",
            "type": "string"
          },
          {
            "format": "default",
            "name": "service",
            "type": "string"
          },
          {
            "format": "default",
            "name": "flag",
            "type": "string"
          },
          {
            "decimalChar": ".",
            "format": "default",
            "groupChar": "",
            "name": "src_bytes",
            "type": "number"
          },
          {
            "format": "default",
            "name": "dst_bytes",
            "type": "any"
          },
          {
            "decimalChar": ".",
            "format": "default",
            "groupChar": "",
            "name": "land",
            "type": "number"
          },
          {
            "decimalChar": ".",
            "format": "default",
            "groupChar": "",
            "name": "wrong_fragment",
            "type": "number"
          },
          {
            "decimalChar": ".",
            "format": "default",
            "groupChar": "",
            "name": "urgent",
            "type": "number"
          },
          {
            "decimalChar": ".",
            "format": "default",
            "groupChar": "",
            "name": "hot",
            "type": "number"
          },
          {
            "decimalChar": ".",
            "format": "default",
            "groupChar": "",
            "name": "num_failed_logins",
            "type": "number"
          },
          {
            "decimalChar": ".",
            "format": "default",
            "groupChar": "",
            "name": "logged_in",
            "type": "number"
          },
          {
            "decimalChar": ".",
            "format": "default",
            "groupChar": "",
            "name": "lnum_compromised",
            "type": "number"
          },
          {
            "decimalChar": ".",
            "format": "default",
            "groupChar": "",
            "name": "lroot_shell",
            "type": "number"
          },
          {
            "decimalChar": ".",
            "format": "default",
            "groupChar": "",
            "name": "lsu_attempted",
            "type": "number"
          },
          {
            "decimalChar": ".",
            "format": "default",
            "groupChar": "",
            "name": "lnum_root",
            "type": "number"
          },
          {
            "decimalChar": ".",
            "format": "default",
            "groupChar": "",
            "name": "lnum_file_creations",
            "type": "number"
          },
          {
            "decimalChar": ".",
            "format": "default",
            "groupChar": "",
            "name": "lnum_shells",
            "type": "number"
          },
          {
            "decimalChar": ".",
            "format": "default",
            "groupChar": "",
            "name": "lnum_access_files",
            "type": "number"
          },
          {
            "decimalChar": ".",
            "format": "default",
            "groupChar": "",
            "name": "lnum_outbound_cmds",
            "type": "number"
          },
          {
            "decimalChar": ".",
            "format": "default",
            "groupChar": "",
            "name": "is_host_login",
            "type": "number"
          },
          {
            "decimalChar": ".",
            "format": "default",
            "groupChar": "",
            "name": "is_guest_login",
            "type": "number"
          },
          {
            "decimalChar": ".",
            "format": "default",
            "groupChar": "",
            "name": "count",
            "type": "number"
          },
          {
            "decimalChar": ".",
            "format": "default",
            "groupChar": "",
            "name": "srv_count",
            "type": "number"
          },
          {
            "decimalChar": ".",
            "format": "default",
            "groupChar": "",
            "name": "serror_rate",
            "type": "number"
          },
          {
            "decimalChar": ".",
            "format": "default",
            "groupChar": "",
            "name": "srv_serror_rate",
            "type": "number"
          },
          {
            "decimalChar": ".",
            "format": "default",
            "groupChar": "",
            "name": "rerror_rate",
            "type": "number"
          },
          {
            "decimalChar": ".",
            "format": "default",
            "groupChar": "",
            "name": "srv_rerror_rate",
            "type": "number"
          },
          {
            "decimalChar": ".",
            "format": "default",
            "groupChar": "",
            "name": "same_srv_rate",
            "type": "number"
          },
          {
            "decimalChar": ".",
            "format": "default",
            "groupChar": "",
            "name": "diff_srv_rate",
            "type": "number"
          },
          {
            "decimalChar": ".",
            "format": "default",
            "groupChar": "",
            "name": "srv_diff_host_rate",
            "type": "number"
          },
          {
            "decimalChar": ".",
            "format": "default",
            "groupChar": "",
            "name": "dst_host_count",
            "type": "number"
          },
          {
            "decimalChar": ".",
            "format": "default",
            "groupChar": "",
            "name": "dst_host_srv_count",
            "type": "number"
          },
          {
            "decimalChar": ".",
            "format": "default",
            "groupChar": "",
            "name": "dst_host_same_srv_rate",
            "type": "number"
          },
          {
            "decimalChar": ".",
            "format": "default",
            "groupChar": "",
            "name": "dst_host_diff_srv_rate",
            "type": "number"
          },
          {
            "decimalChar": ".",
            "format": "default",
            "groupChar": "",
            "name": "dst_host_same_src_port_rate",
            "type": "number"
          },
          {
            "decimalChar": ".",
            "format": "default",
            "groupChar": "",
            "name": "dst_host_srv_diff_host_rate",
            "type": "number"
          },
          {
            "decimalChar": ".",
            "format": "default",
            "groupChar": "",
            "name": "dst_host_serror_rate",
            "type": "number"
          },
          {
            "decimalChar": ".",
            "format": "default",
            "groupChar": "",
            "name": "dst_host_srv_serror_rate",
            "type": "number"
          },
          {
            "decimalChar": ".",
            "format": "default",
            "groupChar": "",
            "name": "dst_host_rerror_rate",
            "type": "number"
          },
          {
            "decimalChar": ".",
            "format": "default",
            "groupChar": "",
            "name": "dst_host_srv_rerror_rate",
            "type": "number"
          },
          {
            "format": "default",
            "name": "label",
            "type": "string"
          }
        ],
        "missingValues": [
          ""
        ]
      },
      "signed": true
    },
    {
      "bytes": 483602744,
      "datahub": {
        "derivedFrom": [
          "kddcup99"
        ],
        "type": "derived/json"
      },
      "delimiter": ",",
      "dialect": {
        "delimiter": ",",
        "quoteChar": "\""
      },
      "dpp:streamedFrom": "/tmp/tmptw87bj83/machine-learning/kddcup99/kddcup99_json/data/601aed5091c6e4de83b81c31b79adeb6/kddcup99_json.json",
      "encoding": "utf-8",
      "format": "json",
      "hash": "601aed5091c6e4de83b81c31b79adeb6",
      "mediatype": "text/csv",
      "name": "kddcup99_json",
      "path": "data/kddcup99_json.json",
      "pathType": "local",
      "profile": "data-resource",
      "quotechar": "\"",
      "rowcount": 494020,
      "schema": {
        "fields": [
          {
            "format": "default",
            "name": "duration",
            "type": "number"
          },
          {
            "format": "default",
            "name": "protocol_type",
            "type": "string"
          },
          {
            "format": "default",
            "name": "service",
            "type": "string"
          },
          {
            "format": "default",
            "name": "flag",
            "type": "string"
          },
          {
            "format": "default",
            "name": "src_bytes",
            "type": "number"
          },
          {
            "format": "default",
            "name": "dst_bytes",
            "type": "any"
          },
          {
            "format": "default",
            "name": "land",
            "type": "number"
          },
          {
            "format": "default",
            "name": "wrong_fragment",
            "type": "number"
          },
          {
            "format": "default",
            "name": "urgent",
            "type": "number"
          },
          {
            "format": "default",
            "name": "hot",
            "type": "number"
          },
          {
            "format": "default",
            "name": "num_failed_logins",
            "type": "number"
          },
          {
            "format": "default",
            "name": "logged_in",
            "type": "number"
          },
          {
            "format": "default",
            "name": "lnum_compromised",
            "type": "number"
          },
          {
            "format": "default",
            "name": "lroot_shell",
            "type": "number"
          },
          {
            "format": "default",
            "name": "lsu_attempted",
            "type": "number"
          },
          {
            "format": "default",
            "name": "lnum_root",
            "type": "number"
          },
          {
            "format": "default",
            "name": "lnum_file_creations",
            "type": "number"
          },
          {
            "format": "default",
            "name": "lnum_shells",
            "type": "number"
          },
          {
            "format": "default",
            "name": "lnum_access_files",
            "type": "number"
          },
          {
            "format": "default",
            "name": "lnum_outbound_cmds",
            "type": "number"
          },
          {
            "format": "default",
            "name": "is_host_login",
            "type": "number"
          },
          {
            "format": "default",
            "name": "is_guest_login",
            "type": "number"
          },
          {
            "format": "default",
            "name": "count",
            "type": "number"
          },
          {
            "format": "default",
            "name": "srv_count",
            "type": "number"
          },
          {
            "format": "default",
            "name": "serror_rate",
            "type": "number"
          },
          {
            "format": "default",
            "name": "srv_serror_rate",
            "type": "number"
          },
          {
            "format": "default",
            "name": "rerror_rate",
            "type": "number"
          },
          {
            "format": "default",
            "name": "srv_rerror_rate",
            "type": "number"
          },
          {
            "format": "default",
            "name": "same_srv_rate",
            "type": "number"
          },
          {
            "format": "default",
            "name": "diff_srv_rate",
            "type": "number"
          },
          {
            "format": "default",
            "name": "srv_diff_host_rate",
            "type": "number"
          },
          {
            "format": "default",
            "name": "dst_host_count",
            "type": "number"
          },
          {
            "format": "default",
            "name": "dst_host_srv_count",
            "type": "number"
          },
          {
            "format": "default",
            "name": "dst_host_same_srv_rate",
            "type": "number"
          },
          {
            "format": "default",
            "name": "dst_host_diff_srv_rate",
            "type": "number"
          },
          {
            "format": "default",
            "name": "dst_host_same_src_port_rate",
            "type": "number"
          },
          {
            "format": "default",
            "name": "dst_host_srv_diff_host_rate",
            "type": "number"
          },
          {
            "format": "default",
            "name": "dst_host_serror_rate",
            "type": "number"
          },
          {
            "format": "default",
            "name": "dst_host_srv_serror_rate",
            "type": "number"
          },
          {
            "format": "default",
            "name": "dst_host_rerror_rate",
            "type": "number"
          },
          {
            "format": "default",
            "name": "dst_host_srv_rerror_rate",
            "type": "number"
          },
          {
            "format": "default",
            "name": "label",
            "type": "string"
          }
        ],
        "missingValues": [
          ""
        ]
      },
      "signed": true
    },
    {
      "bytes": 8247,
      "dpp:streamedFrom": "/tmp/tmpuglp4stw/README.md",
      "format": "md",
      "name": "readme",
      "path": "README.md"
    }
  ],
  "title": "Kddcup99"
}